quantile,min_description_length_of_quantile,avg_description_length_of_quantile,max_description_length_of_quantile,pearson_correlation_coefficient,R_squared,answers_per_quantile,percent_of_total_answers
q1_up_to_percentile10,17,232.530034886,328,-0.05913911108415821,0.0034974344598244045,3218337,0.11633240386800525
q2_percentile10_up_to_percentile25,329,439.21288431,545,-0.010177084879020807,1.0357305663479395E-4,4497778,0.1625800302468725
q3_percentile25_up_to_median,546,736.626680216,952,-0.017112243934156147,2.9282889246206385E-4,7205836,0.26046750969790033
q4_median_up_to_percentile75,953,1273.214125249,1700,-0.026273910921995193,6.903183951369383E-4,6736176,0.24349082987827692
q5_percentile75_up_to_percentile90,1701,2211.679753801,2990,-0.024595029568975243,6.049154794987666E-4,3722126,0.1345427359159724
q6_percentile90_up_to_max,2991,5684.326078214,58431,-0.024427131708884116,5.966847635231719E-4,2284756,0.08258649039297258
