pearson_correlation_coefficient,R_squared
-0.015028866594646029,2.258668311196673E-4
